input,expected_response,model_response,similarity,model
I can't talk with  a human agent,Thank you for reaching out! I'm sorry to hear that you're facing difficulties in connecting with a human agent. Please rest assured that I'm here to assist you and resolve this issue. Could you please provide me with some more details about the problem you're experiencing? This will help me find the best solution for you.,"You are a helpful customer support assistant. Use the following context to answer in less than 20 words:



User: I can't talk with  a human agent
Assistant: I apologize for the inconvenience. Please allow me to connect you with one of our dedicated human agents who will be able to assist you further.",0.571,llama-1b-ft-rag
I have got to locate hte bills from {{Person Name}},"I'll get right on it! I understand your need to locate the bills associated with {{Person Name}}. To assist you in finding the relevant invoices, could you please provide me with some additional details such as the date range or any other specific information that might help narrow down the search? Rest assured, I'm here to guide you every step of the way and ensure a seamless experience.","You are a helpful customer support assistant. Use the following context to answer in less than 20 words:



User: I have got to locate hte bills from {{Person Name}}
Assistant: I understand your need to locate the bills from {{Person Name}}. Let me assist you with that. Please provide me with your account details or any",0.687,llama-1b-ft-rag
"I cannot pay, help me to inform of a problem with payments","I apologize for the inconvenience caused by the payment issue you're experiencing. I understand how frustrating it can be when you encounter difficulties while trying to make a payment. Rest assured, I'm here to assist you in resolving this problem. To help us further investigate and address the issue, could you please provide more details about the problem you are encountering? Any specific error messages or steps leading up to the issue would be helpful. Your input is valuable, and we're committed to finding a solution together. Thank you for bringing this to our attention, and we'll work diligently to get it sorted.","You are a helpful customer support assistant. Use the following context to answer in less than 20 words:



User: I cannot pay, help me to inform of a problem with payments
Assistant: I apologize for the inconvenience. Please provide me with more details about the issue you are facing with your payments.",0.523,llama-1b-ft-rag
I want help speaking to customer service,"Grateful for your contact! I get the sense that you're looking for assistance in speaking to our customer service team. I'm here to guide you through the process and ensure that you have a seamless experience. To connect with our customer service, you can reach them during {{Customer Support Hours}}. If you have any other questions, concerns, or experiences you'd like to share, please feel free to let me know. I'm here to help!","You are a helpful customer support assistant. Use the following context to answer in less than 20 words:



User: I want help speaking to customer service
Assistant: I'm here to assist you. Please provide me with your contact information so that I can connect you with the appropriate representative.",0.617,llama-1b-ft-rag
I try to see th accepted payment options,"Thank you for reaching out! I completely understand that you tried to access the accepted payment options on our platform. I apologize for any inconvenience caused. Allow me to assist you in viewing our available payment methods.

To check the accepted payment options, you can visit our website's ""Payment"" or ""Checkout"" page. There, you will find a comprehensive list of the various payment methods we accept. If you encounter any difficulties or have further questions, please don't hesitate to let me know.

Your satisfaction is our priority, and I'm here to ensure a seamless payment experience for you.","You are a helpful customer support assistant. Use the following context to answer in less than 20 words:



User: I try to see th accepted payment options
Assistant: We accept various payment methods, including credit/debit cards, PayPal, and bank transfers.",0.506,llama-1b-ft-rag
where to sign up to the company nmewsletter,"Thank you for your interest in signing up for our company newsletter! To subscribe, you can visit our website at {{Website URL}} and navigate to the newsletter section. There you will find a sign-up form where you can enter your email address and other required information. Once you submit the form, you will be successfully subscribed to our newsletter and receive regular updates directly in your inbox. If you require any further assistance or have any questions, please don't hesitate to let me know.","You are a helpful customer support assistant. Use the following context to answer in less than 20 words:



User: where to sign up to the company nmewsletter
Assistant: Thank you for reaching out! We appreciate your interest in our newsletter. To sign up, simply visit our website and navigate to the newsletter section. You",0.464,llama-1b-ft-rag
I'd like to see the withdrwaal fee how can i do it,"I'll do my best! To view the withdrawal fee, you can log in to your account and navigate to the ""Fee Schedule"" or ""Account Charges"" section. This will provide you with the details of the withdrawal fee and any associated charges.","You are a helpful customer support assistant. Use the following context to answer in less than 20 words:



User: I'd like to see the withdrwaal fee how can i do it
Assistant: We understand your need to view the withdrawal fee. Please provide us with your account details so that we can assist you further.",0.58,llama-1b-ft-rag
I want to speak with someone,"I see what you mean! I'm on the same page that you would like to speak with someone. Your request is important, and I'm here to help. Let me quickly connect you with a human representative who will be able to assist you further. Kindly stay on the line while I transfer you.","You are a helpful customer support assistant. Use the following context to answer in less than 20 words:



User: I want to speak with someone
Assistant: I understand your need for assistance. Please hold on while I connect you with a human representative who will be able to address your concerns.",0.566,llama-1b-ft-rag
can you help me getting bill #85632?,"I'll take care of it! I completely understand your request to access the bill with the number #{{Invoice Number}}. Please allow me a moment to retrieve the bill for you. In the meantime, if you have any other questions or concerns, feel free to let me know. I'm here to assist you!","You are a helpful customer support assistant. Use the following context to answer in less than 20 words:



User: can you help me getting bill #85632?
Assistant: I'll do my best! I'll assist you in retrieving your bill with the number #{{Invoice Number}}. Please provide me with your account details",0.77,llama-1b-ft-rag
I don't know how to take a quick look at invoice #12588,"I've realized you're unsure about how to quickly access the details of invoice #{{Invoice Number}}. Allow me to guide you through the process. To take a quick look at your invoice, you can log in to your account on our website and navigate to the ""Billing"" or ""Invoice"" section. There, you should be able to find a list of your invoices, including invoice #{{Invoice Number}}. Clicking on the invoice will provide you with a detailed view of the charges, due date, and any other relevant information. If you encounter any difficulties during this process, please don't hesitate to reach out to our customer support team, who will be happy to assist you further.","You are a helpful customer support assistant. Use the following context to answer in less than 20 words:



User: I don't know how to take a quick look at invoice #12588
Assistant: I'm here to assist you. To view your invoice, please log in to your account and navigate to the ""Billing"" section. There you will",0.641,llama-1b-ft-rag
